<?xml version="1.0" encoding="UTF-8"?>
<project-private xmlns="http://www.netbeans.org/ns/project-private/1">
    <editor-bookmarks xmlns="http://www.netbeans.org/ns/editor-bookmarks/2" lastBookmarkId="0"/>
    <open-files xmlns="http://www.netbeans.org/ns/projectui-open-files/2">
        <group>
            <file>file:/C:/Users/IngenieriaSIRETecnic/Desktop/Project/src/main/ClientDataBase.java</file>
            <file>file:/C:/Users/IngenieriaSIRETecnic/Desktop/Project/src/main/DBCreator.java</file>
            <file>file:/C:/Users/IngenieriaSIRETecnic/Desktop/Project/src/StringDB/DBFile.java</file>
            <file>file:/C:/Users/IngenieriaSIRETecnic/Desktop/Project/src/ObjectSerializator/TextDataReader.java</file>
            <file>file:/C:/Users/IngenieriaSIRETecnic/Desktop/Project/src/ObjectSerializator/Saveable.java</file>
            <file>file:/C:/Users/IngenieriaSIRETecnic/Desktop/Project/src/StringDB/DBFormat.java</file>
            <file>file:/C:/Users/IngenieriaSIRETecnic/Desktop/Project/src/ObjectSerializator/ReadException.java</file>
            <file>file:/C:/Users/IngenieriaSIRETecnic/Desktop/Project/src/main/VehicleTable.java</file>
            <file>file:/C:/Users/IngenieriaSIRETecnic/Desktop/Project/src/ObjectSerializator/DataWriter.java</file>
            <file>file:/C:/Users/IngenieriaSIRETecnic/Desktop/Project/src/main/Date.java</file>
            <file>file:/C:/Users/IngenieriaSIRETecnic/Desktop/Project/src/main/RentalModel.java</file>
            <file>file:/C:/Users/IngenieriaSIRETecnic/Desktop/Project/src/main/AlquilerDialog.java</file>
            <file>file:/C:/Users/IngenieriaSIRETecnic/Desktop/Project/src/ObjectSerializator/DataReader.java</file>
            <file>file:/C:/Users/IngenieriaSIRETecnic/Desktop/Project/src/main/Vehicle.java</file>
            <file>file:/C:/Users/IngenieriaSIRETecnic/Desktop/Project/src/main/AddPanel.java</file>
            <file>file:/C:/Users/IngenieriaSIRETecnic/Desktop/Project/src/ObjectSerializator/ObjectSaver.java</file>
            <file>file:/C:/Users/IngenieriaSIRETecnic/Desktop/Project/src/StringDB/KeyField.java</file>
            <file>file:/C:/Users/IngenieriaSIRETecnic/Desktop/Project/src/ObjectSerializator/SerialData.java</file>
            <file>file:/C:/Users/IngenieriaSIRETecnic/Desktop/Project/src/main/SaveableListModel.java</file>
            <file>file:/C:/Users/IngenieriaSIRETecnic/Desktop/Project/src/ObjectSerializator/Out.java</file>
            <file>file:/C:/Users/IngenieriaSIRETecnic/Desktop/Project/src/ObjectSerializator/TextDataWriter.java</file>
            <file>file:/C:/Users/IngenieriaSIRETecnic/Desktop/Project/src/StringDB/Help.java</file>
            <file>file:/C:/Users/IngenieriaSIRETecnic/Desktop/Project/src/StringDB/Register.java</file>
            <file>file:/C:/Users/IngenieriaSIRETecnic/Desktop/Project/src/ObjectSerializator/WriteException.java</file>
        </group>
    </open-files>
</project-private>
